<?xml version="1.0" encoding="UTF-8"?>
<metadata xml:lang="es"><Esri><CreaDate>20151201</CreaDate><CreaTime>13304100</CreaTime><ArcGISFormat>1.0</ArcGISFormat><SyncOnce>TRUE</SyncOnce><DataProperties><itemProps><itemLocation><linkage Sync="TRUE">file://\\VBOXSVR\MiaW\Papers_GIS\Study area\grid_stArea</linkage><protocol Sync="TRUE">Local Area Network</protocol></itemLocation></itemProps><copyHistory><copy source="Z:\Papers_GIS\Zeros\grid_stArea" dest="\\VBOXSVR\MiaW\Papers_GIS\Study area\grid_stArea" date="20151201" time="13304100"></copy></copyHistory><lineage><Process ToolSource="c:\program files (x86)\arcgis\desktop10.2\ArcToolbox\Toolboxes\Data Management Tools.tbx\CalculateField" Date="20151201" Time="134446">CalculateField grid_stArea CUTM [CUADRICU_1] VB #</Process></lineage></DataProperties></Esri></metadata>
